{"name":"24649192-748d-483d-81d9-131a9c4ceed2","id":"/providers/Microsoft.Flow/flows/24649192-748d-483d-81d9-131a9c4ceed2","type":"Microsoft.Flow/flows","properties":{"apiId":"/providers/Microsoft.PowerApps/apis/shared_logicflows","displayName":"Send Accounts Teams Yesterdays Closed Stories to PM","definition":{"metadata":{"workflowEntityId":null,"flowclientsuspensionreason":"None","flowclientsuspensiontime":null,"creator":{"id":"2e6a2f2f-82d9-423c-a056-ed1681ff9cc5","type":"User","tenantId":"207c3e32-7115-4ed3-8a55-22f7edb77dc9"},"provisioningMethod":"FromDefinition","failureAlertSubscription":true,"clientLastModifiedTime":"2021-03-25T09:43:39.50213Z"},"$schema":"https://schema.management.azure.com/providers/Microsoft.Logic/schemas/2016-06-01/workflowdefinition.json#","contentVersion":"1.0.0.0","parameters":{"$connections":{"defaultValue":{},"type":"Object"},"$authentication":{"defaultValue":{},"type":"SecureObject"}},"triggers":{"Recurrence":{"recurrence":{"frequency":"Day","interval":1,"timeZone":"India Standard Time","startTime":"2020-12-23T00:00:00Z","schedule":{"hours":["10"],"minutes":[28]}},"type":"Recurrence"}},"actions":{"Get_query_results":{"runAfter":{},"metadata":{"509e5c8c-b6cb-4cb8-b7d0-0f1742222c24":"My Queries/Test","flowSystemMetadata":{"swaggerOperationId":"GetQueryResultsV2"},"35cf3bc6-1255-48b3-8ac4-3b324949ab38":"My Queries/AccountsTask","9d45df85-1c37-4f13-a017-51ed4d51cb67":"My Queries/AccountsTask_Closed"},"type":"ApiConnection","inputs":{"host":{"connection":{"name":"@parameters('$connections')['shared_visualstudioteamservices_1']['connectionId']"},"api":{"runtimeUrl":"https://india-001.azure-apim.net/apim/visualstudioteamservices"}},"method":"get","path":"/v2/@{encodeURIComponent('ExternalServices')}/queryResults/@{encodeURIComponent('9d45df85-1c37-4f13-a017-51ed4d51cb67')}","queries":{"account":"Derivco"},"authentication":"@parameters('$authentication')"}},"Send_an_email":{"runAfter":{"Get_my_profile_(V2)":["Succeeded"]},"metadata":{"flowSystemMetadata":{"swaggerOperationId":"SendEmail"}},"type":"ApiConnection","inputs":{"host":{"connection":{"name":"@parameters('$connections')['shared_office365']['connectionId']"},"api":{"runtimeUrl":"https://india-001.azure-apim.net/apim/office365"}},"method":"post","body":{"To":"neetta.p@zensar.com","Subject":"Closed Stories/tasks from Azure DevOps yesterday - Accounts Team","Body":"<html>\n<head>\n  <style> \ntable {\n    font-family: \"Times New Roman\", Times, serif;\n    border-collapse: collapse;\n    width: 100%;\n}\ntd, th {\n    border: 1px solid #ddd;\n    padding: 4px;\n}\nth {\n    padding-top: 8px;\n    padding-bottom: 8px;\n    text-align: left;\n    background-color: darkblue;\n    color: white;\n}\n</style>\n</head>\n<body>\nHi Neetta,\n<br><br>\nPlease see all Closed work items(Tasks and stories) yesterday from Azure DevOps for Accounts Team.\n<br><br>\n@{body('Create_HTML_table')}\n<br><br>\n<p>Regards,</p><p>Ratan Gawai</p><p><br></p>\n<p>The message automatically generated by&nbsp;<a href=\"https://india.flow.microsoft.com/en-us/\">Microsoft Power Automate</a>&nbsp;enabling you to create automated workflows between your favorite apps and services. &copy; Microsoft Corporation 2020&nbsp;</p>\n</body>\n</html>","Cc":"ratan.gawai@zensar.com","Importance":"High","IsHtml":true},"path":"/Mail","authentication":"@parameters('$authentication')"}},"Get_my_profile_(V2)":{"runAfter":{"Create_HTML_table":["Succeeded"]},"metadata":{"flowSystemMetadata":{"swaggerOperationId":"MyProfile_V2"}},"type":"ApiConnection","inputs":{"host":{"connection":{"name":"@parameters('$connections')['shared_office365users']['connectionId']"},"api":{"runtimeUrl":"https://india-001.azure-apim.net/apim/office365users"}},"method":"get","path":"/codeless/v1.0/me","queries":{"$select":"mail"},"authentication":"@parameters('$authentication')"}},"Post_a_message_as_the_Flow_bot_to_a_user":{"runAfter":{"Send_an_email":["Succeeded"]},"metadata":{"flowSystemMetadata":{"swaggerOperationId":"PostUserNotification"}},"type":"ApiConnection","inputs":{"host":{"connection":{"name":"@parameters('$connections')['shared_teams']['connectionId']"},"api":{"runtimeUrl":"https://india-001.azure-apim.net/apim/teams"}},"method":"post","body":{"recipient":{"to":"ratan.gawai@zensar.com;"},"messageBody":"Email sent to Neetta for Accounts data from Azure","messageTitle":"Notification !!! Email sent to Neetta for Accounts data from Azure"},"path":"/flowbot/actions/notification/recipienttypes/user","authentication":"@parameters('$authentication')"}},"Create_HTML_table":{"runAfter":{"Get_query_results":["Succeeded"]},"type":"Table","inputs":{"from":"@body('Get_query_results')?['value']","format":"HTML","columns":[{"header":"ID","value":"@item()?['System.Id']"},{"header":"WorkItemType","value":"@item()?['System.WorkItemType']"},{"header":"State","value":"@item()?['System.State']"},{"header":"Title","value":"@item()?['System.Title']"},{"header":"AsignedTo","value":"@item()?['System.AssignedTo']"},{"header":"ClosedDate","value":"@item()?['Microsoft.VSTS.Common.ClosedDate']"},{"header":"StoryPoints","value":"@item()?['Microsoft.VSTS.Scheduling.StoryPoints']"}]}}},"outputs":{},"description":"Send all active work items from Azure DevOps to my manager. Azure DevOps query should contain columns: ID, Title, Work Item Type, Assigned To, State."},"connectionReferences":{"shared_visualstudioteamservices_1":{"connectionName":"shared-visualstudiot-47235b9a-164b-47ed-9567-8cfc-29c08705","source":"Embedded","id":"/providers/Microsoft.PowerApps/apis/shared_visualstudioteamservices","tier":"NotSpecified"},"shared_office365":{"connectionName":"shared-office365-5f47963f-75d5-48d0-9915-090aa26d53d2","source":"Embedded","id":"/providers/Microsoft.PowerApps/apis/shared_office365","tier":"NotSpecified"},"shared_office365users":{"connectionName":"shared-office365user-b4711515-5eeb-4dbe-9d22-5b6f110c1133","source":"Embedded","id":"/providers/Microsoft.PowerApps/apis/shared_office365users","tier":"NotSpecified"},"shared_teams":{"connectionName":"shared-teams-ba0ac4c1-48eb-4ed2-aa10-e8ec3dc7d487","source":"Embedded","id":"/providers/Microsoft.PowerApps/apis/shared_teams","tier":"NotSpecified"}},"flowFailureAlertSubscribed":false}}