{"name":"d1c9f9a7-4e18-4855-8656-f6632f7ddd8d","id":"/providers/Microsoft.Flow/flows/d1c9f9a7-4e18-4855-8656-f6632f7ddd8d","type":"Microsoft.Flow/flows","properties":{"apiId":"/providers/Microsoft.PowerApps/apis/shared_logicflows","displayName":"GetWorkItemsMovedToTestingToday","definition":{"metadata":{"workflowEntityId":null,"flowclientsuspensionreason":"None","flowclientsuspensiontime":null,"creator":{"id":"2e6a2f2f-82d9-423c-a056-ed1681ff9cc5","type":"User","tenantId":"207c3e32-7115-4ed3-8a55-22f7edb77dc9"},"provisioningMethod":"FromDefinition","failureAlertSubscription":true,"clientLastModifiedTime":"2021-04-13T13:07:29.3414248Z"},"$schema":"https://schema.management.azure.com/providers/Microsoft.Logic/schemas/2016-06-01/workflowdefinition.json#","contentVersion":"1.0.0.0","parameters":{"$connections":{"defaultValue":{},"type":"Object"},"$authentication":{"defaultValue":{},"type":"SecureObject"}},"triggers":{"manual":{"type":"Request","kind":"Button","inputs":{"schema":{"type":"object","properties":{},"required":[]}}}},"actions":{"Get_query_results":{"runAfter":{"Initialize_variable_for_table_style":["Succeeded"]},"metadata":{"0cfa07a8-d756-46ae-933c-1aa39b5ef1b2":"My Queries/Todays_ChangedItems"},"type":"OpenApiConnection","inputs":{"host":{"apiId":"/providers/Microsoft.PowerApps/apis/shared_visualstudioteamservices","connectionName":"shared_visualstudioteamservices_1","operationId":"GetQueryResultsV2"},"parameters":{"account":"Derivco","project":"Yield","queryId":"0cfa07a8-d756-46ae-933c-1aa39b5ef1b2","workItemsCount":200},"authentication":{"value":"@json(decodeBase64(triggerOutputs().headers['X-MS-APIM-Tokens']))['$ConnectionKey']","type":"Raw"}}},"Parse_JSON":{"runAfter":{"Get_query_results":["Succeeded"]},"type":"ParseJson","inputs":{"content":"@outputs('Get_query_results')?['body']","schema":{"type":"object","properties":{"body":{"type":"object","properties":{"value":{"type":"array","items":{"type":"object","properties":{"System.Id":{"type":"integer"},"System.AreaPath":{"type":"string"},"System.IterationPath":{"type":"string"},"System.WorkItemType":{"type":"string"},"System.State":{"type":"string"},"System.Title":{"type":"string"},"System.Tags":{"type":"string"}},"required":["System.Id","System.AreaPath","System.IterationPath","System.WorkItemType","System.State","System.Title","System.Tags"]}}}}}}}},"Initialize_variable":{"runAfter":{"Parse_JSON":["Succeeded"]},"type":"InitializeVariable","inputs":{"variables":[{"name":"objWorkItems","type":"object","value":"@body('Parse_JSON')"}]}},"Initialize_variable_2":{"runAfter":{"Initialize_variable":["Succeeded"]},"type":"InitializeVariable","inputs":{"variables":[{"name":"arrayWorkItems","type":"array","value":"@variables('objWorkItems').value"}]}},"Filter_array":{"runAfter":{"Initialize_variable_2":["Succeeded"]},"type":"Query","inputs":{"from":"@variables('arrayWorkItems')","where":"@equals(item()?['System.State'], 'Active')"}},"Parse_JSON_2":{"runAfter":{"Filter_array":["Succeeded"]},"type":"ParseJson","inputs":{"content":"@body('Filter_array')","schema":{"type":"array","items":{"type":"object","properties":{"System.Id":{"type":"integer"},"System.AreaPath":{"type":"string"},"System.IterationPath":{"type":"string"},"System.WorkItemType":{"type":"string"},"System.State":{"type":"string"},"System.Title":{"type":"string"},"System.Tags":{"type":"string"}},"required":["System.Id","System.AreaPath","System.IterationPath","System.WorkItemType","System.State","System.Title"]}}}},"Select":{"runAfter":{"Parse_JSON_2":["Succeeded"]},"type":"Select","inputs":{"from":"@body('Parse_JSON_2')","select":{"ID":"@item()['System.Id']","Title":"@item()['System.Title']"}}},"Create_HTML_table":{"runAfter":{"Select":["Succeeded"]},"type":"Table","inputs":{"from":"@body('Select')","format":"HTML"}},"Compose":{"runAfter":{"Create_HTML_table":["Succeeded"]},"type":"Compose","inputs":"@replace(body('Create_HTML_table'),'<table','<table id=\"MyTable_001\"')"},"Initialize_variable_for_table_style":{"runAfter":{},"type":"InitializeVariable","inputs":{"variables":[{"name":"tableSttyle","type":"string","value":"<style>\n\n        MyTable_001 {\n            width: 100%;\n        }\n\n        table, th, td {\n            border: 1px solid black;\n            border-collapse: collapse;\n        }\n\n        th, td {\n            padding: 15px;\n            text-align: left;\n        }\n\n        #MyTable_001 tr:nth-child(even) {\n            background-color: #eee;\n        }\n\n        #MyTable_001 tr:nth-child(odd) {\n            background-color: #fff;\n        }\n\n        #MyTable_001 th {\n            background-color:darkblue;\n            color: white;\n        }\n\n\n        </style>"}]}},"Send_an_email_(V2)":{"runAfter":{"Compose":["Succeeded"]},"type":"OpenApiConnection","inputs":{"host":{"apiId":"/providers/Microsoft.PowerApps/apis/shared_office365","connectionName":"shared_office365","operationId":"SendEmailV2"},"parameters":{"emailMessage/To":"ratan.gawai@zensar.com","emailMessage/Subject":"User Stories moved to testing today","emailMessage/Body":"<p>Dear user,<br>\nPlease see below the list of WorkItems moved to Testing today,<br>\n<br>\n@{variables('tableSttyle')}@{body('Create_HTML_table')}<br>\n<br>\nRegards,<br>\nPower Automate<br>\nThis is automatically sent from Microsoft Power Automate flow.</p>"},"authentication":{"value":"@json(decodeBase64(triggerOutputs().headers['X-MS-APIM-Tokens']))['$ConnectionKey']","type":"Raw"}}}}},"connectionReferences":{"shared_visualstudioteamservices_1":{"connectionName":"shared-visualstudiot-47235b9a-164b-47ed-9567-8cfc-29c08705","source":"Invoker","id":"/providers/Microsoft.PowerApps/apis/shared_visualstudioteamservices","tier":"NotSpecified"},"shared_office365":{"connectionName":"shared-office365-5f47963f-75d5-48d0-9915-090aa26d53d2","source":"Invoker","id":"/providers/Microsoft.PowerApps/apis/shared_office365","tier":"NotSpecified"}},"flowFailureAlertSubscribed":false}}